{
  "version": "1.0",
  "timestamp": "2026-02-08T03:44:29.656063+00:00",
  "patterns": {
    "translate_medium": {
      "pattern_name": "translate_medium",
      "ground_truth": {
        "u": 2.0,
        "v": 0.0
      },
      "num_test_pixels": 66000,
      "single_scale": {
        "metrics": {
          "mae_u": 0.8855245113372803,
          "mae_v": 0.47085919976234436,
          "rmse": 1.3986104726791382,
          "epe": 1.0934690237045288,
          "aae": 22.2214412689209
        },
        "status": "Warning"
      },
      "pyramidal": {
        "metrics": {
          "mae_u": 0.5497308373451233,
          "mae_v": 0.4034273028373718,
          "rmse": 3.4335777759552,
          "epe": 0.7422820925712585,
          "aae": 6.907172203063965
        },
        "status": "Warning",
        "config": "default"
      }
    },
    "rotate_small": {
      "pattern_name": "rotate_small",
      "ground_truth": {
        "u": 0.0,
        "v": 0.0
      },
      "num_test_pixels": 6400,
      "single_scale": {
        "metrics": {
          "mae_u": 1.0838202238082886,
          "mae_v": 1.0761960744857788,
          "rmse": 1.8302794694900513,
          "epe": 1.6800568103790283,
          "aae": 55.46525573730469
        },
        "status": "Warning"
      },
      "pyramidal": {
        "metrics": {
          "mae_u": 0.7543128728866577,
          "mae_v": 0.8262621164321899,
          "rmse": 1.3697348833084106,
          "epe": 1.2274612188339233,
          "aae": 47.086395263671875
        },
        "status": "Pass",
        "config": "default"
      }
    },
    "translate_extreme": {
      "pattern_name": "translate_extreme",
      "ground_truth": {
        "u": 30.0,
        "v": 20.0
      },
      "num_test_pixels": 66000,
      "single_scale": {
        "metrics": {
          "mae_u": 29.374807357788086,
          "mae_v": 18.68500328063965,
          "rmse": 36.13511276245117,
          "epe": 35.40471267700195,
          "aae": 79.7726058959961
        },
        "status": "Fail"
      },
      "pyramidal": {
        "metrics": {
          "mae_u": 36.12189483642578,
          "mae_v": 22.050643920898438,
          "rmse": 100.34989929199219,
          "epe": 46.566856384277344,
          "aae": 69.07364654541016
        },
        "status": "Fail",
        "config": "default"
      }
    }
  }
}
